Salutation,First Name,Contact Id,Last Name,Office Phone,Organization Name,Mobile,Lead Source,Home Phone,Title,Other Phone,Department,Fax,Email,Birthdate,Assistant,Reports To Contact,Assistant Phone,Secondary Email,Email Opt Out,Do Not Call,Reference,Assigned To,Created Time,Notify Owner,Modified Time,Portal User,Support Start Date,Support End Date,Mailing Street,Other Street,Mailing PO Box,Other PO Box,Mailing City,Other City,Mailing State,Other State,Mailing Postal Code,Other Postal Code,Mailing Country,Other Country,Description,Contact Image
Mr.,knn1212,CON11,kan,,,,hr1,,,,,,,,,,,,0,0,0,admin,29-09-21 5:20,0,29-09-21 5:20,0,29-09-21,29-09-22,,,,,,,,,,,,,test01,
Mr.,knn1213,CON12,Q,,,,hr2,,,,,,,,,,,,0,0,0,admin,29-09-21 6:15,0,29-09-21 6:15,0,29-09-21,29-09-22,,,,,,,,,,,,,,
Mr.,knn1214,CON13,l,,,,hr3,,,,,,,,,,,,0,0,0,admin,29-09-21 6:16,0,29-09-21 6:16,0,29-09-21,29-09-22,,,,,,,,,,,,,,
Mr.,knn1215,CON14,Q/J,,,,hr4,,,,,,,,,,,,0,0,0,admin,29-09-21 6:28,0,29-09-21 6:28,0,29-09-21,29-09-22,,,,,,,,,,,,,,
Mr.,knn1216,CON15,Q/J,,,,hr5,,,,,,,,,,,,0,0,0,admin,29-09-21 6:29,0,29-09-21 6:29,0,29-09-21,29-09-22,,,,,,,,,,,,,,
Mr.,knn1217,CON16,Q//J,,,,hr6,,,,,,,,,,,,0,0,0,admin,29-09-21 7:24,0,29-09-21 7:24,0,29-09-21,29-09-22,,,,,,,,,,,,,,
Mr.,knn1218,CON17,Q//J,,,,hr7,,,,,,,,,,,,0,0,0,admin,29-09-21 7:27,0,29-09-21 7:27,0,29-09-21,29-09-22,,,,,,,,,,,,,,
,,,,,,,,,,,,,,,,,,,0,0,0,admin,29-09-21 8:47,0,29-09-21 8:47,0,29-09-21,29-09-22,,,,,,,,,,,,,,
,,,,,,,,,,,,,,,,,,,0,0,0,admin,29-09-21 11:52,0,29-09-21 11:52,0,29-09-21,29-09-22,,,,,,,,,,,,,,
,,,,,,,,,,,,,,,,,,,0,0,0,admin,29-09-21 11:53,0,29-09-21 11:53,0,29-09-21,29-09-22,,,,,,,,,,,,,,
,,,,,,,,,,,,,,,,,,,0,0,0,admin,30-09-21 5:45,0,30-09-21 5:45,0,30-09-21,30-09-22,,,,,,,,,,,,,,
,,,,,,,,,,,,,,,,,,,0,0,0,admin,30-09-21 11:10,0,30-09-21 11:10,0,30-09-21,30-09-22,,,,,,,,,,,,,,
,,,,,,,,,,,,,,,,,,,0,0,0,admin,30-09-21 11:18,0,30-09-21 11:18,0,30-09-21,30-09-22,,,,,,,,,,,,,,
,,,,,,,,,,,,,,,,,,,0,0,0,admin,30-09-21 11:19,0,30-09-21 11:19,0,30-09-21,30-09-22,,,,,,,,,,,,,,
,,,,,,,,,,,,,,,,,,,0,0,0,admin,30-09-21 11:24,0,30-09-21 11:24,0,30-09-21,30-09-22,,,,,,,,,,,,,,
,,,,,,,,,,,,,,,,,,,0,0,0,admin,30-09-21 11:51,0,30-09-21 11:51,0,30-09-21,30-09-22,,,,,,,,,,,,,,
,,,,,,,,,,,,,,,,,,,0,0,0,admin,30-09-21 12:02,0,30-09-21 12:02,0,30-09-21,30-09-22,,,,,,,,,,,,,,uploadPhoto.jpg
,,,,,,,,,,,,,,,,,,,0,0,0,admin,30-09-21 12:15,0,30-09-21 12:15,0,30-09-21,30-09-22,,,,,,,,,,,,,,uploadPhoto.jpg
,,,,,,,,,,,,,,,,,,,0,0,0,admin,30-09-21 16:42,0,30-09-21 16:42,0,30-09-21,30-09-22,,,,,,,,,,,,,,uploadPhoto.jpg
,,,,,,,,,,,,,,,,,,,0,0,0,admin,30-09-21 16:45,0,30-09-21 16:45,0,30-09-21,30-09-22,,,,,,,,,,,,,,uploadPhoto.jpg
,,,,,,,,,,,,,,,,,,,0,0,0,admin,30-09-21 17:11,0,30-09-21 17:11,0,30-09-21,30-09-22,,,,,,,,,,,,,,uploadPhoto.jpg
,,,,,,,,,,,,,,,,,,,0,0,0,admin,30-09-21 17:28,0,30-09-21 17:28,0,30-09-21,30-09-22,,,,,,,,,,,,,,
